file_name,image_name,drive_key
b_spline_smooth_r.md,Rsmooth1,1VdWnRyZ4tBquh558HHdlVcSF9jUBKai3
b_spline_smooth_r.md,Rsmooth2,1VUhADvMoe3AMeIvZBgNXzuRYwCLiO6Q8
b_spline_smooth_r.md,Rsmooth3,1VQDMubzD8jF-V1fl9oC8HX1GJZY9m010
b_spline_smooth_r.md,Rsmooth4,1VMVh3HJjErZdxhQURR9mbUsv5Q-3t7iA
b_sockets_r.md,socket1,1Vj5S8CnSmgCYcbbVDGzTRCp5kYqwlk4A
b_gibbs_lm.md,gs01,1csOhgodVbiwK-7skxgPz4D6OMSr9FAJ1
b_gibbs_lm.md,gs02,1cyvjn64ZQmRaIMKZvdr-FxynXnzO4Lto
b_gibbs_lm.md,gs03,1d4TLR0XQmvFA_YIPDq-GPaWR_CAvszh0
b_gibbs_lm.md,gs04,1dNSuvrtYC3u7gU3KUI7RLXJEGgpZ1BLk
b_gibbs_lm.md,gs05,1dOQlF4ujKOjmE13mOi8NQaQpTH7e3f5S
b_gibbs_lm.md,gs06,1dQ26VxAdJjRmoMCX3jBH72hsvvbgVVYZ
b_gibbs_lm.md,gs07,1dUsjmFU_q9PPPK8sUIYpKmJ--x0Voagc
b_dijkstra.md,dijkstra,1bOOG_fijPjttLhM808hwXsoSh34FOrXo
b_correl_reserves_r.md,correlated0,1VUBNB0RbXYz8bBNJFvn5NQ02mCUgHbqV
b_correl_reserves_r.md,correlated1,1Vm9ge0f6l2YS6i5JwYXpClMTBFWloyam
b_em_from_scratch.md,em1,1VTMblFIYe_njsZgMEkLb86YzqhQZWKgM
b_em_from_scratch.md,em2,1VPe_XTQd_0GWuDT4xypd6QGjHLrH3ltO
hist_bin_width.md,binwidth01,1dV7-xslwvuSncRiZjYtDMoj55AFnFjz4
hist_bin_width.md,binwidth02,1dVyrX3OUBMkfwaozyJGEWToukec1r13-
